略称,呼称,id,年,所属,ライセンス,事業期間（月数）,順位,勝ち点,一試合あたり平均勝ち点,昇降格,営業収入,スポンサー収入,入場料収入,物販収入,Jリーグ配分金,移籍補償金等収入,アカデミー関連収入,女子チーム関連収入,その他収入,営業費用,チーム人件費,トップチーム運営経費,試合関連経費,物販関連費,移籍関連費用,アカデミー運営経費,女子チーム運営経費,その他売上原価,販売費および一般管理費,営業利益,営業外収益,営業外費用,経常利益,特別利益,特別損失,税引前当期利益,法人税および住民税等,当期純利益,関連する法人の営業収入,流動資産,固定資産等,資産の部,流動負債,固定負債,負債の部,資本金,資本剰余金等,利益剰余金,純資産の部,リーグ戦入場者数,リーグ戦ホーム試合数,リーグカップ入場者数,リーグカップホーム試合数,プレーオフ入場者数,プレーオフホーム試合数,ACL入場者数,ACLホーム試合数,年間総入場者数,年間ホーム試合数
鹿島,鹿島アントラーズ,antlers,2025,J1,J1,12,1,76,2.0000,Null,8173,3324,1458,1066,589,108,262,0,1366,8301,3014,495,597,552,412,451,0,460,2320,-128,48,69,-149,0,0,-149,3,-152,Null,2673,2542,5215,3292,506,3798,2257,831,-1672,1417,520615,19,0,0,0,0,0,0,520615,19
浦和,浦和レッズ,urawa,2025,J1,J1,12,7,59,1.5526,Null,11310,4195,2214,1682,539,475,71,168,1966,11531,3272,1049,661,1340,1113,305,505,12,3277,-222,185,43,-79,0,0,-79,21,-100,287,1238,2598,3836,1843,172,2015,273,113,1435,1821,709655,19,19767,1,0,0,0,0,729422,20
柏,柏レイソル,reysol,2025,J1,J1,12,2,75,1.9737,Null,4711,2925,754,65,315,262,38,0,352,4233,2236,204,201,6,326,208,0,0,1052,478,34,117,395,0,0,395,62,333,Null,702,2036,2738,1737,0,1737,100,932,-31,1001,247329,19,33812,3,0,0,0,0,281141,22
FC東京,FC東京,fctokyo,2025,J1,J1,12,11,50,1.3158,Null,7210,3223,1439,715,366,519,504,0,444,7127,2497,525,403,566,397,635,0,8,2096,83,102,4,181,43,114,110,28,82,Null,2688,738,3426,1017,44,1061,1762,575,28,2365,600204,19,0,0,0,0,0,0,600204,19
東京V,東京ヴェルディ,verdy,2025,J1,J1,12,17,43,1.1316,Null,4510,1331,784,483,387,531,263,330,401,4412,1279,394,272,371,164,281,395,17,1239,98,44,97,45,0,0,45,0,45,140,818,393,1211,830,286,1116,20,0,76,96,401300,19,8377,1,0,0,0,0,409677,20
町田,FC町田ゼルビア,zelvia,2025,J1,J1,12,6,60,1.5789,Null,6914,4581,571,387,454,350,56,0,515,6895,3242,537,497,300,901,239,0,50,1129,19,21,8,32,0,0,32,23,9,168,1243,1849,3092,923,978,1901,100,1335,-243,1192,266350,19,0,0,0,0,13544,3,279894,22
川崎,川崎フロンターレ,kawasaki,2025,J1,J1,12,8,57,1.5000,Null,10069,3765,1469,1383,429,1186,235,0,1601,9569,2868,732,356,1194,931,305,0,183,3000,499,40,58,481,0,0,481,50,431,Null,1720,4048,5768,3223,111,3334,349,31,2053,2433,418949,19,42719,2,0,0,13277,1,474945,22
横浜FM,横浜F・マリノス,fmarinos,2025,J1,J1,12,15,43,1.1316,Null,7751,2871,1530,1171,622,964,0,0,593,7464,2730,676,773,747,923,0,0,0,1615,287,17,30,274,0,266,8,5,3,1011,2128,1279,3407,3122,186,3308,99,6,-7,98,504979,19,9656,1,0,0,9482,1,524117,21
横浜FC,横浜FC,yokohamafc,2025,J1,J1,12,18,35,0.9211,降格,3303,1584,512,140,274,97,220,0,476,3554,1576,312,221,104,202,325,0,22,792,-251,42,4,-213,0,0,-213,-1,-212,174,680,340,1020,293,611,904,100,227,-212,115,193773,19,19703,4,0,0,0,0,213476,23
新潟,アルビレックス新潟,albirex,2025,J1,J1,12,20,24,0.6316,降格,4514,1426,1247,588,332,585,211,0,124,4060,1078,355,264,502,408,321,0,672,461,453,58,12,499,0,5,494,218,276,Null,2897,929,3826,1203,675,1878,100,612,1235,1948,429418,19,8416,1,0,0,0,0,437834,20
清水,清水エスパルス,shimizu,2025,J1,J1,12,14,44,1.1579,Null,5353,2672,1128,310,327,159,407,0,350,5317,1878,268,480,42,632,616,0,588,813,36,4,2,38,0,1,37,3,34,Null,453,934,1388,1010,155,1165,90,0,133,223,357263,19,0,0,0,0,0,0,357263,19
名古屋,名古屋グランパス,nagoya,2025,J1,J1,12,16,43,1.1316,Null,6463,2988,1360,865,338,193,234,0,485,7105,2434,701,404,517,669,370,0,94,1917,-642,93,125,-674,0,0,-674,1,-675,Null,1185,1260,2445,2173,151,2324,105,0,16,121,613003,19,0,0,0,0,0,0,613003,19
京都,京都サンガF.C.,sanga,2025,J1,J1,12,3,68,1.7895,Null,4435,2371,891,162,303,295,137,0,276,4141,1726,322,310,70,608,269,0,0,836,294,67,52,309,0,0,309,104,205,Null,1414,415,1829,799,40,839,50,556,383,989,314220,19,6233,1,0,0,0,0,320453,20
G大阪,ガンバ大阪,gamba,2025,J1,J1,12,9,57,1.5000,Null,8817,2292,1451,937,512,732,256,0,2637,8613,2970,592,542,793,781,428,0,310,2197,204,68,11,261,0,123,138,-2,140,Null,2606,1054,3660,2687,56,2743,10,0,907,917,570135,19,0,0,0,0,25440,3,595575,22
C大阪,セレッソ大阪,cerezo,2025,J1,J1,12,10,52,1.3684,Null,5720,2758,1164,218,286,698,0,335,261,5581,2344,296,651,113,415,0,296,0,1466,139,36,144,31,0,0,31,1,30,1366,1581,310,1891,913,192,1105,100,345,340,785,354430,19,7110,1,0,0,0,0,361540,20
神戸,ヴィッセル神戸,vissel,2025,J1,J1,12,5,64,1.6842,Null,8711,3025,1441,1127,882,272,272,0,1692,8727,3186,650,279,782,428,365,0,921,2116,-16,54,3076,-3037,2300,1,-738,-4,-734,1413,1496,1618,3114,2273,161,2434,98,561,21,680,400880,19,6171,1,0,0,34384,5,441435,25
岡山,ファジアーノ岡山,fagiano,2025,J1,J1,12,13,45,1.1842,Null,1908,881,350,284,116,36,9,0,232,1750,516,84,124,233,146,42,0,203,402,158,0,2,156,0,0,156,59,97,383,1350,711,2061,1304,400,1704,88,220,49,357,277154,19,0,0,0,0,0,0,277154,19
広島,サンフレッチェ広島,sanfrecce,2025,J1,J1,12,4,68,1.7895,Null,8348,2792,2166,141,634,501,111,546,1457,7913,2983,620,646,52,628,344,534,1005,1101,435,28,9,454,0,2,452,39,413,Null,3695,1593,5288,2820,248,3068,2099,52,68,2219,486116,19,70562,3,0,0,46266,5,602944,27
福岡,アビスパ福岡,avispa,2025,J1,J1,12,12,48,1.2632,Null,3740,1543,647,295,301,395,170,0,389,3388,1533,223,160,211,279,225,0,243,514,352,0,6,346,0,162,184,30,154,Null,727,409,1137,994,67,1061,539,610,-1073,76,190598,19,3670,1,0,0,0,0,194268,20
仙台,ベガルタ仙台,vegalta,2025,J2,J1,12,7,62,1.6316,Null,2465,1387,478,33,134,53,105,0,275,2601,767,324,281,0,222,282,0,302,423,-136,5,9,-140,4,11,-147,1,-148,Null,570,840,1410,641,533,1175,780,327,-872,235,261444,19,0,0,0,0,0,0,261444,19
秋田,ブラウブリッツ秋田,blaublitz,2025,J2,J1,12,14,43,1.1316,Null,1246,660,70,69,108,73,78,0,188,1264,345,154,84,72,59,142,0,82,326,-18,26,2,6,0,0,6,-5,11,63,244,104,348,222,102,324,58,52,-86,24,94112,19,1519,1,0,0,0,0,95631,20
山形,モンテディオ山形,montedio,2025,J2,J1,12,10,53,1.3947,Null,3154,1222,373,319,108,282,0,0,850,2944,892,278,245,239,73,0,0,569,648,210,17,4,223,0,0,223,79,144,278,1069,289,1358,745,246,991,10,0,356,366,210289,19,3701,1,0,0,0,0,213990,20
いわき,いわきFC,iwakifc,2025,J2,J1,12,9,56,1.4737,Null,1500,564,151,203,105,119,16,0,342,1492,362,150,79,109,1,75,0,0,716,8,6,0,14,0,0,14,7,7,Null,267,188,455,344,28,372,5,0,78,83,83063,19,0,0,0,0,0,0,83063,19
水戸,水戸ホーリーホック,mitohollyhock,2025,J2,J1,12,1,70,1.8421,昇格,1642,793,170,155,107,238,31,0,148,1639,506,147,153,116,66,117,0,190,344,3,4,3,4,13,4,13,1,12,58,508,203,711,342,183,525,100,135,-50,185,114113,19,5329,2,0,0,0,0,119442,21
大宮,RB大宮アルディージャ,ardija,2025,J2,J1,12,6,63,1.6579,Null,4597,2801,383,363,117,416,167,223,126,4232,1243,339,170,292,168,395,301,10,1314,365,22,3,384,0,0,384,53,332,Null,1045,1287,2332,1719,107,1826,100,146,260,506,215000,19,12851,2,0,0,0,0,227851,21
千葉,ジェフユナイテッド千葉,jefunited,2025,J2,J1,12,3,69,1.8158,昇格,3927,2081,701,385,127,183,38,146,266,3811,1257,427,228,293,226,203,258,267,652,116,20,25,111,0,1,110,21,89,Null,1185,885,2070,1086,497,1583,490,390,-393,487,295431,19,0,0,34708,2,0,0,330139,21
甲府,ヴァンフォーレ甲府,ventforet,2025,J2,J1,12,13,44,1.1579,Null,1707,832,290,242,114,57,22,0,150,1764,500,211,126,208,128,121,0,48,422,-57,17,7,-47,0,22,-69,0,-69,70,404,233,637,255,134,389,367,0,-119,248,159401,19,8434,2,0,0,0,0,167835,21
富山,カターレ富山,kataller,2025,J2,J1,12,17,37,0.9737,Null,1396,773,160,147,107,37,100,0,72,1344,354,185,120,131,9,137,0,139,270,52,2,2,52,0,0,52,8,44,Null,390,37,427,306,29,335,161,93,-161,92,107069,19,10766,3,0,0,0,0,117835,22
磐田,ジュビロ磐田,jubilo,2025,J2,J1,12,5,64,1.6842,Null,5668,3437,597,502,129,546,136,0,321,5087,1704,442,406,408,468,485,0,0,1174,581,78,18,641,0,1,641,117,524,Null,1229,1046,2275,779,93,872,772,92,538,1402,234190,19,28370,3,0,0,0,0,262560,22
藤枝,藤枝MYFC,myfc,2025,J2,J1,12,15,39,1.0263,Null,1118,617,138,117,102,37,35,8,64,1109,330,163,115,57,32,57,7,23,326,9,26,2,33,0,16,17,0,16,Null,221,104,325,117,67,184,90,239,-188,141,95560,19,0,0,0,0,0,0,95560,19
山口,レノファ山口FC,renofa,2025,J2,J1,12,19,36,0.9474,Null,1385,670,202,132,117,56,53,15,140,1402,471,150,125,71,46,139,35,0,366,-17,19,0,1,0,0,1,0,1,125,387,83,470,223,6,229,100,92,49,241,109574,19,8034,2,0,0,0,0,117608,21
徳島,徳島ヴォルティス,vortis,2025,J2,J1,12,4,65,1.7105,Null,2188,1335,199,169,124,80,100,0,181,2461,1001,323,107,156,331,198,0,0,345,-273,22,5,-257,0,0,-257,0,-257,Null,1135,531,1666,390,71,461,409,0,796,1205,137072,19,0,0,11387,1,0,0,148459,20
愛媛,愛媛FC,ehimefc,2025,J2,J1,12,20,22,0.5789,降格,1267,583,80,82,106,130,112,90,84,1260,429,176,55,50,30,159,68,0,293,7,7,1,13,0,0,13,2,11,Null,271,174,445,121,4,125,408,0,-88,320,89869,19,1701,1,0,0,0,0,91570,20
今治,FC今治,fcimabari,2025,J2,J1,12,11,53,1.3947,降格,2004,1200,141,95,112,14,47,6,390,1915,451,126,162,63,138,145,51,38,741,89,52,23,118,0,0,118,1,117,275,1953,1424,3377,538,276,814,50,2688,-175,2563,91206,19,6585,2,0,0,0,0,97791,21
鳥栖,サガン鳥栖,sagan,2025,J2,J1,12,8,58,1.5263,Null,2729,1023,520,195,108,595,59,0,229,2598,1024,203,97,106,278,218,0,280,392,131,27,7,151,1,0,152,18,134,Null,1067,128,1194,605,427,1032,394,225,-457,163,178260,19,0,0,0,0,0,0,178260,19
長崎,V・ファーレン長崎,vvaren,2025,J2,J1,12,2,70,1.8421,昇格,3331,1455,1114,158,129,208,79,0,188,5152,2351,332,956,73,128,305,0,0,1007,-1821,9,3,-1815,1960,127,18,11,7,Null,3124,135,3259,3226,0,3226,350,0,-317,33,301665,19,5848,1,0,0,0,0,307513,20
熊本,ロアッソ熊本,roasso,2025,J2,J1,12,18,37,0.9737,降格,1252,497,176,114,102,203,0,0,160,1064,289,159,128,88,8,80,0,0,312,188,2,1,189,0,1,188,66,122,120,723,18,741,266,55,321,380,0,39,419,127584,19,0,0,0,0,0,0,127584,19
大分,大分トリニータ,trinita,2025,J2,J1,12,16,38,1.0000,Null,1769,736,346,200,156,166,51,0,114,1780,554,189,191,118,116,143,6,133,330,-11,5,0,-6,0,0,-6,2,-8,Null,519,61,580,380,0,380,134,134,-69,199,197649,19,3164,1,0,0,0,0,200813,20
八戸,ヴァンラーレ八戸,vanraure,2025,J3,J2,12,2,72,1.8947,昇格,575,300,30,46,22,25,0,0,152,600,169,86,37,43,7,3,0,21,234,-25,30,4,1,0,0,1,0,1,37,376,171,547,333,157,490,59,36,-38,57,45114,19,3124,1,0,0,0,0,48238,20
福島,福島ユナイテッドFC,fufc,2025,J3,J1,12,10,56,1.4737,Null,600,394,27,48,24,5,21,0,82,791,197,94,54,44,2,43,0,130,227,-191,2,10,-199,0,0,-199,0,-199,21,213,46,259,74,80,154,148,532,-576,105,45113,19,2753,2,0,0,0,0,47866,21
栃木SC,栃木SC,tochigisc,2025,J3,J1,12,7,58,1.5263,Null,1046,576,130,128,26,13,97,0,76,1135,325,138,95,58,6,119,0,152,242,-89,1,0,-88,208,185,-65,0,-65,Null,230,49,279,155,15,170,315,115,-321,110,102481,19,3742,2,0,0,0,0,106223,21
栃木C,栃木シティ,tochigicity,2025,J3,J2,12,1,77,2.0263,昇格,564,395,90,4,21,1,22,0,31,604,307,88,62,3,0,44,0,10,90,-40,37,1,-4,0,0,-4,0,-4,Null,38,30,68,54,0,54,275,245,-506,14,57677,19,4532,1,0,0,0,0,62209,20
群馬,ザスパ群馬,thespa,2025,J3,J1,12,14,46,1.2105,Null,779,395,75,85,29,60,55,0,80,1095,285,114,100,62,19,99,0,233,183,-316,16,2,-302,0,0,-302,5,-307,Null,149,86,235,175,44,219,478,321,-783,16,67539,19,1440,1,0,0,0,0,68979,20
相模原,SC相模原,scsagamihara,2025,J3,J2,12,12,50,1.3158,Null,1531,1279,62,57,23,0,86,0,24,1012,375,113,66,48,3,90,0,28,289,519,2,8,513,0,0,513,0,513,Null,114,17,131,106,0,106,24,1,0,25,53397,19,3993,1,0,0,0,0,57390,20
松本,松本山雅FC,yamaga,2025,J3,J1,12,15,43,1.1316,Null,1506,772,279,214,30,33,25,0,153,1487,389,126,167,126,16,88,0,62,513,19,26,2,43,14,45,12,3,9,147,420,254,674,145,167,312,212,0,151,363,143881,19,8541,2,0,0,0,0,152422,21
長野,AC長野パルセイロ,parceiro,2025,J3,J2,12,19,35,0.9211,Null,850,326,83,9,17,11,0,257,147,902,223,91,75,0,0,0,272,4,237,-52,0,2,-54,0,0,-54,0,-54,147,184,6,190,123,61,184,183,158,-334,6,83079,19,5976,1,0,0,0,0,89055,20
金沢,ツエーゲン金沢,zweigen,2025,J3,J1,12,6,59,1.5526,Null,1240,565,163,120,27,32,72,0,261,1232,389,154,108,74,8,113,0,88,298,8,1,6,3,0,0,3,3,0,50,477,109,586,397,133,530,330,0,-274,56,105717,19,3318,1,0,0,0,0,109035,20
沼津,アスルクラロ沼津,azulclaro,2025,J3,J2,12,20,28,0.7368,降格,617,350,71,73,27,5,34,0,57,598,189,79,79,59,2,20,0,0,171,19,11,1,29,0,19,10,0,9,192,193,60,254,155,48,203,96,16,-61,51,64931,19,4406,1,8255,1,0,0,77592,21
岐阜,FC岐阜,fcgifu,2025,J3,J1,12,13,47,1.2368,Null,997,493,111,109,29,5,93,0,157,1063,322,104,105,86,39,107,0,139,161,-66,2,1,-65,0,0,-65,0,-65,Null,276,5,281,141,75,216,50,689,-674,65,90686,19,2846,1,0,0,0,0,93532,20
FC大阪,FC大阪,fcosaka,2025,J3,J2,12,3,71,1.8684,Null,674,494,29,15,28,35,52,0,21,674,236,122,76,7,5,24,0,13,191,0,2,1,1,0,0,1,1,1,Null,265,22,287,59,24,82,91,87,26,205,51263,19,3941,1,3614,2,0,0,58818,22
奈良,奈良クラブ,naraclub,2025,J3,J2,12,9,56,1.4737,Null,507,243,48,45,25,20,81,0,45,507,198,49,43,34,12,64,0,0,107,0,4,0,4,0,0,4,0,4,67,114,6,120,75,35,110,69,0,-59,10,42540,19,3706,1,0,0,0,0,46246,20
宮崎,テゲバジャーロ宮崎,tegevajaro,2025,J3,J2,12,4,67,1.7632,昇格,761,541,65,64,65,5,11,0,10,805,256,120,108,42,9,39,0,5,225,-44,7,2,-39,0,0,-39,-21,-17,Null,168,43,211,181,0,181,100,143,-213,30,45852,19,2466,1,4389,1,0,0,52707,21
鹿児島,鹿児島ユナイテッドFC,kufc,2025,J3,J1,12,5,66,1.7368,Null,1109,523,150,166,31,23,32,0,184,1103,323,172,116,114,13,28,0,0,337,6,2,6,2,0,1,1,2,-1,Null,224,810,1034,254,590,844,129,129,-67,191,130354,19,3479,1,0,0,0,0,133833,20
琉球,FC琉球,fcryukyu,2025,J3,J1,12,16,40,1.0526,Null,750,317,37,66,23,10,125,64,108,1022,233,126,68,62,39,146,56,89,203,-272,2,4,-274,0,0,-274,5,-279,Null,641,10,651,323,66,388,393,516,-646,263,51848,19,3686,1,0,0,0,0,55534,20